;;;"HAZ TU PEDIDO Y ""CRECE CON NOSOTROS""";;;;;;;;
;;;;;;;;;;;
;;;;;;;;;FECHA: 08/05/2023;;
;;;;;;;;;;;
;;;;;;;;;;;
CODIGO;;DESCRIPCION;;MODELO;;PRECIO;;GARANTIA;;;
ACCESORIOS;;;;;;;;;;;
000000001012;;ADAPTADOR BLUETOOH 5.0 USB DONGLE;;BLUETOOH 5.0;;4,79;;MESES;;;
000000000688;;"ADAPTADOR DE ENCHUFE ARGOM ARG-AC-0266WT 3 SALIDAS / 2 USB
110V BLANCO";;ARG-AC-0266WT;;8,44;;3 MESES;;;
000000001765;;ADAPTADOR DE SONIDO USB 5.1;;ADAP SONIDO USB 5.1;;6,60;;N/A;;;
000000001635;;ADAPTADOR DE SONIDO USB 7.1 AVION;;SONIDO USB 7.1AVION;;6,60;;N/A;;;
000000001068;;ADAPTADOR TP-LINK UC400 3.0 USB A USB-A;;UC400 USB 3.0 USB A;;6,37;;12 MESES;;;
000000000910;;ALMOHADILLA ARGON PARA JUEGO COMBAT ARG-AC-1227BK;;ARG-AC-1227BK;;9,45;;N/A;;;
000000000912;;ALMOHADILLA PARA JUEGO COMBAT ARG-AC-1226BK;;ARG-AC-1226BK;;7,50;;N/A;;;
000000001701;;"AUDIFONO ESTEREO METRO 78 ARG-HS-0078 CON MICROFONO Y
CONTROL VOLUMEN ARGOM";;ARG-HS-0078;;12,68;;3 MESES;;;
000000000946;;AUDIFONO GAMING ARGON ARG-HS-2845BK COMBAT USB BLACK/BLUE;;ARG-HS-2845BK;;19,54;;3 MESES;;;
000000000210;;AUDIFONO U CORPORATION AUDISTE-U STEREO PLUG 3.5MM;;3.5 USB;;9,64;;3 MESES;;;
000000001510;;AUDIFONOS DE UNICORNIO HS BK 681;;HS BK 681;;14,04;;1 MES;;;
000000001769;;AUDIFONOS MZ47;;AUDIFONOS MZ47;;12,08;;1 MES;;;
;;;;;;;;;;;
NOTA: PRECIOS VALIDOS SOLO POR 24 HORAS, LOS MISMOS PUEDEN VARIAR SIN VENTAS AL MAYOR , NO SE DEVUELVE DINERO UNA VEZ REALIZADA LA COMPRA;;;;;;;;;;;
;;;;;;;;;;;
GReport 1.1.3;;;;;;;;;;Página 1/29;
;;;;;;;;;;;
;;;"HAZ TU PEDIDO Y ""CRECE CON NOSOTROS""";;;;;;;;
;;;;;;;;;;;
;;;;;;;;;FECHA: 08/05/2023;;
;;;;;;;;;;;
;;;;;;;;;;;
CODIGO;;DESCRIPCION;;MODELO;;PRECIO;;GARANTIA;;;
000000000944;;"BACKPACK ARGOM ELEVATION 15.6"" ARG-BP-0718BK";;ARG-BP-0718BK;;18,33;;N/A;;;
000000000716;;"BASE AJUSTABLE PARA PORTATIL ARG-CF-1594 CON 1 VENTILADOR y
2-PUERTOS USB 2.0 ARGOM";;ARG-CF-1594;;11,28;;N/A;;;
000000001647;;"BOLSO PARA IPAD / TABLA 10"" NYLON WEL-I101";;WEL-I101;;3,00;;N/A;;;
000000001732;;"BOMBILLO LED INTELIGENTE COMPATIBLE CON ALEXA 800 LUMENS
B11N11";;B11N11;;7,88;;N/A;;;
000000001590;;BOMBILLO LED RECARGABLE PICKENS PKRC-7813 38W;;PKRC-7813;;13,24;;N/A;;;
000000000725;;CABLE ADAPTADOR ARG-CB-0045 USB 2.0 A RJ45 15CM ARGOM;;ARG-CB-0045;;8,02;;N/A;;;
000000001252;;CABLE ADAPTADOR ARG-CB-0053 MINI DISPLAY A VGA ARGOM;;ARG-CB-0053;;6,00;;3 MESES;;;
000000000707;;CABLE ADAPTADOR ARG-CB-0056 PUERTO DISPLAY A VGA 15CM ARGOM;;ARG-CB-0056;;6,60;;N/A;;;
000000000708;;"CABLE ADAPTADOR DE PUERTO ARG-CB-0059 DISPLAY A HDMI -15 cm
ARGOM";;ARG-CB-0059;;5,92;;N/A;;;
000000000262;;CABLE ADAPTADOR DISPLAYPORT A HDMI;;DISPLAYPORT A HDMI;;2,98;;N/A;;;
000000000710;;"CABLE ADAPTADOR TIPO-C A ARG-CB-0062 GIGABIT RJ45 - 15cm
ARGOM";;ARG-CB-0062;;16,49;;N/A;;;
000000001234;;CABLE HDMI/HDMI M/M - 1.5 m;;HDMI/HDMI;;3,42;;N/A;;;
000000001766;;CABLE HDMI/HDMI M/M - 15 m;;HDMI/HDMI 15 M;;4,36;;N/A;;;
;;;;;;;;;;;
NOTA: PRECIOS VALIDOS SOLO POR 24 HORAS, LOS MISMOS PUEDEN VARIAR SIN VENTAS AL MAYOR , NO SE DEVUELVE DINERO UNA VEZ REALIZADA LA COMPRA;;;;;;;;;;;
;;;;;;;;;;;
GReport 1.1.3;;;;;;;;;;Página 2/29;
;;;;;;;;;;;
;;;"HAZ TU PEDIDO Y ""CRECE CON NOSOTROS""";;;;;;;;
;;;;;;;;;;;
;;;;;;;;;FECHA: 08/05/2023;;
;;;;;;;;;;;
;;;;;;;;;;;
CODIGO;;DESCRIPCION;;MODELO;;PRECIO;;GARANTIA;;;
000000001767;;CABLE HDMI/HDMI M/M - 20 m;;HDMI/HDMI 20 M;;4,36;;N/A;;;
000000000714;;CABLE HDMI/HDMI M/M - 3 m;;HDMI/HDMI 3 M;;4,36;;N/A;;;
000000000733;;"CAJA EXTERNA ADDLINK M2 PCIE & M2 SATA INTERFACE USB 3 2GEN
TYPE C";;M.2 USB 3 2G TYPE C;;19,20;;N/A;;;
000000001630;;"CAMARA SEGURIDAD NIGHT OWL BLUETOOH 8 CANALES DVR CON 1TB
HDD 1080P HD";;SCA.OWL CAM;;215,68;;3 MESES;;;
000000001263;;CAR BLUETOOTH 3.0+EDR 3.5MM STEREO;;3.0 + EDR;;9,44;;3 MESES;;;
000000001292;;CAR BLUETOOTH BT-450 VERDE;;BT-450;;9,44;;3 MESES;;;
000000001013;;CARGADOR PARA IPHONE 12;;CARGADOR IPHONE;;14,84;;N/A;;;
000000000724;;COMBO TECLADO Y MOUSE COMBAT USB ARG-KB-2051BK ARGOM;;ARG-KB-2051BK;;17,66;;1 MES;;;
000000001643;;CONTROL SIMPLE TV;;CONTROL SIMPLETV;;6,60;;N/A;;;
000000001713;;"CONTROLADOR DJ DE 2 CANALES PIONEER SERATO PARA DJ LITE
NEGRO DDJ-REV1";;DDJ-REV1;;325,67;;3 MESES;;;
0000000001095;;CORNETA U MULTIMEDIA USB 2.0;;USB 2.0;;3,93;;3 MESES;;;
000000001694;;"FUNDA PARA PORTATIL ARGOM DE 15.6"" ARG-SL-0015B NEGRO";;ARG-SL-0015B;;6,07;;N/A;;;
000000001761;;"FUNDA PARA PORTATIL WASH HORIZONTAL 10.1"" WEL-101-H";;WEL-101-H;;0,48;;N/A;;;
;;;;;;;;;;;
NOTA: PRECIOS VALIDOS SOLO POR 24 HORAS, LOS MISMOS PUEDEN VARIAR SIN VENTAS AL MAYOR , NO SE DEVUELVE DINERO UNA VEZ REALIZADA LA COMPRA;;;;;;;;;;;
;;;;;;;;;;;
GReport 1.1.3;;;;;;;;;;Página 3/29;
;;;;;;;;;;;
;;;"HAZ TU PEDIDO Y ""CRECE CON NOSOTROS""";;;;;;;;
;;;;;;;;;;;
;;;;;;;;;FECHA: 08/05/2023;;
;;;;;;;;;;;
;;;;;;;;;;;
CODIGO;;DESCRIPCION;;MODELO;;PRECIO;;GARANTIA;;;
000000001762;;"FUNDA PARA PORTATIL WASH HORIZONTAL 14.1"" WEL-141-H";;WEL-141-H;;0,84;;N/A;;;
000000001763;;"FUNDA PARA PORTATIL WASH VERTICAL 10.1"" WEL-101-V";;WEL-101-V;;0,50;;N/A;;;
000000001764;;"FUNDA PARA PORTATIL WASH VERTICAL 13.1"" WEL-131-V";;WEL-131-V;;0,88;;N/A;;;
000000001324;;GUAYA DE SEGURIDAD PARA LAPTOP IMEXX 25419;;25419;;1,80;;N/A;;;
000000001410;;INVERSOR 150W 12V IN / 220V-5V OUT;;150W 12V;;23,44;;N/A;;;
000000001695;;"MALETIN ARGOM AVENTURE ARG-BG-6784BK PARA LAPTOP 15.6""
ARGOM- NEGRO";;ARG-BG-6784BK;;17,34;;N/A;;;
000000001696;;"MALETIN ARGOM FLORENCIA ARG-BG-6782 PARA LAPTOP 15.6"" ARGOM-
NEGRO";;ARG-BG-6782;;17,45;;N/A;;;
000000000694;;"MALETIN ESSENTIAL ARG-BG-6772BK PARA LAPTOP 15.6"" ARGOM-
NEGRO CON GRIS ARGOM";;ARG-BG-6772BK;;9,47;;N/A;;;
000000000909;;MESA PARA JUEGOS DE COMBATE ERGO Z47 ARG-DK-9247BK;;ARG-DK-9247BK;;110,39;;N/A;;;
000000001511;;MICROFONO L20;;SPEAKER L20;;12,84;;1 MES;;;
000000001512;;MICROFONO LY 889;;SPEAKER LY 889;;13,38;;1 MES;;;
000000000911;;MOUSE CLASICO CON CONECTOR USB ARG-MS-0002;;ARG-MS-0002;;2,31;;3 MESES;;;
000000001760;;MOUSE DELUX USB M321BU NEGRO ROJO;;M321BU;;7,46;;6 MESES;;;
;;;;;;;;;;;
NOTA: PRECIOS VALIDOS SOLO POR 24 HORAS, LOS MISMOS PUEDEN VARIAR SIN VENTAS AL MAYOR , NO SE DEVUELVE DINERO UNA VEZ REALIZADA LA COMPRA;;;;;;;;;;;
;;;;;;;;;;;
GReport 1.1.3;;;;;;;;;;Página 4/29;
;;;;;;;;;;;
;;;"HAZ TU PEDIDO Y ""CRECE CON NOSOTROS""";;;;;;;;
;;;;;;;;;;;
;;;;;;;;;FECHA: 08/05/2023;;
;;;;;;;;;;;
;;;;;;;;;;;
CODIGO;;DESCRIPCION;;MODELO;;PRECIO;;GARANTIA;;;
000000001557;;MOUSE GAMING MSI OPTIX CLUTH GM08;;GM08;;14,20;;3 MESES;;;
000000001675;;MOUSE HP X-55 USB;;HP X-55;;2,86;;3 MESES;;;
000000000323;;"MOUSE MYO GM6 GAMING DE 6 BOTONES, LUCES DE COLORES, USB
CABE 702";;MYO-GM6;;10,40;;3 MESES;;;
000000000475;;MOUSE NEGRO USB OEM BOLSITA;;M322;;4,20;;3 MESES;;;
000000001691;;MOUSE PAD ARGOM GEL 360 ARG-AC-1222 NEGRO;;ARG-AC-1222 NEGRO;;5,04;;3 MESES;;;
000000001110;;MOUSE PAD GAMING CHEKPOINT MP-200 BD2;;MP-200 PAD;;6,26;;S/G;;;
000000000838;;MOUSE U MUW-01 3D GAMING WIRELESS OPTICAL 3200 DPI USB 2.0;;MUW-01 USB 2.0;;7,87;;3 MESES;;;
000000000864;;MOUSE U MUW-02 1200 DPI USB RECARGABLE;;MUW-02;;5,24;;3 MESES;;;
000000001704;;MOUSE USB ARGOM OPTICO 3D MS14 ARG-MS-0014L AZUL;;ARG-MS-0014L;;4,58;;N/A;;;
000000001705;;MOUSE USB ARGOM OPTICO 3D MS14 ARG-MS-0014R ROJO;;ARG-MS-0014R;;4,58;;3 MESES;;;
000000000020;;MOUSE USB U-M01 OPTICAL;;U-M01;;2,76;;3 MESES;;;
000000000519;;MULTIBAND WIFI MAXWEST MOVIL 4G LTE;;MX-HUB4GLTE;;53,23;;N/A;;;
000000000868;;PASTA TERMICA;;PASTA TERMICA;;9,48;;S/G;;;
;;;;;;;;;;;
NOTA: PRECIOS VALIDOS SOLO POR 24 HORAS, LOS MISMOS PUEDEN VARIAR SIN VENTAS AL MAYOR , NO SE DEVUELVE DINERO UNA VEZ REALIZADA LA COMPRA;;;;;;;;;;;
;;;;;;;;;;;
GReport 1.1.3;;;;;;;;;;Página 5/29;
;;;;;;;;;;;
;;;"HAZ TU PEDIDO Y ""CRECE CON NOSOTROS""";;;;;;;;
;;;;;;;;;;;
;;;;;;;;;FECHA: 08/05/2023;;
;;;;;;;;;;;
;;;;;;;;;;;
CODIGO;;DESCRIPCION;;MODELO;;PRECIO;;GARANTIA;;;
000000001172;;PEN DRIVE KINGSTON 256GB USB 3.2 EXODIA;;256GB;;19,50;;1 AÑO;;;
000000001330;;PLANTA ELECTRICA INSONORA AIMS POWER 800W;;GEN800W120;;380,00;;6 MESES;;;
000000001323;;PLANTA GENERADORA ELECTRICA LAUNTOP 800W 2 TIEMPOS;;800W;;149,00;;3 MESES;;;
000000000687;;REGLETA 6 TOMAS;;6 TOMAS;;5,92;;N/A;;;
000000000686;;REGLETA ARGOM DE 6 TOMAS 110V ARG-AC-0252BK - NEGRO;;ARG-AC-0252BK;;4,93;;N/A;;;
000000001690;;REGLETA ARGOM SURGE DE 6 TOMAS 110V ARG-AC-0252WT - BLANCO;;ARG-AC-0252WT;;4,96;;N/A;;;
000000001514;;SISTEMA DE AUDIO PORTATIL PRO DG I601 AIO 80 W RMS 95dB;;PRO DG I601 AIO;;256,60;;6 MESES;;;
000000001515;;SISTEMA DE AUDIO PORTATIL PRO DG I603 AIO 150W RMS 97dB;;PRO DG I603 AIO;;425,09;;6 MESES;;;
000000001513;;"SISTEMA DE AUDIO PORTATIL PRO DG NEO-1 ARRAY DE 2 VIAS 460 W
RMS / 920 W / PICO DE 1840 W";;PRO DG NEO-1 ARRAY;;887,30;;6 MESES;;;
000000000700;;"SOPORTE CON BRAZO ARTICULADO PARA TV 32""-55"" ARG-BR-1546
ARGOM";;ARG-BR-1546;;25,38;;N/A;;;
000000001698;;"SOPORTE DE PARED PARA TV ARG-BR-8221 CON UN ESTANTE ARGOM
ARG-BR-8221";;ARG-BR-8221;;13,47;;N/A;;;
000000001697;;"SOPORTE DE TECHO PARA TV ARG-BR-1624 ARGOM 55"" 400X400";;ARG-BR-1624;;54,25;;N/A;;;
000000000702;;"SOPORTE DOBLE ARTICULADO PARA ESCRITORIO ARG-BR-1602 ARGOM
32""";;ARG-BR-1602;;40,04;;N/A;;;
;;;;;;;;;;;
NOTA: PRECIOS VALIDOS SOLO POR 24 HORAS, LOS MISMOS PUEDEN VARIAR SIN VENTAS AL MAYOR , NO SE DEVUELVE DINERO UNA VEZ REALIZADA LA COMPRA;;;;;;;;;;;
;;;;;;;;;;;
GReport 1.1.3;;;;;;;;;;Página 6/29;
;;;;;;;;;;;
;;;"HAZ TU PEDIDO Y ""CRECE CON NOSOTROS""";;;;;;;;
;;;;;;;;;;;
;;;;;;;;;FECHA: 08/05/2023;;
;;;;;;;;;;;
;;;;;;;;;;;
CODIGO;;DESCRIPCION;;MODELO;;PRECIO;;GARANTIA;;;
000000000699;;"SOPORTE MOVIBLE PARA TV 23""-42"" ARG-BR-1521 ARGOM";;ARG-BR-1521;;12,34;;N/A;;;
000000001700;;SPLITTER ARGOM ARG-AV-5114 4 PUERTOS HDMI 4K HD;;ARG-AV-5114;;15,12;;6 meses;;;
000000001253;;SPLITTER ARGOM ARG-AV-5118 8 PUERTOS HDMI 4K HD;;ARG-AV-5118;;34,92;;6 MESES;;;
000000001254;;TECLADO ARGOM EN ESPAÑOL USB MULTIMEDIA ARG-KB-7414;;ARG-KB-7414;;5,24;;3 MESES;;;
000000000917;;TECLADO BT PORTATIL ARG-KB-0203 ULTRA DELGADO;;ARG-KB-0203;;17,60;;3 MESES;;;
000000001759;;TECLADO DELUX K6012U NEGRO USB;;K6012U;;7,46;;6 MESES;;;
000000001284;;TECLADO DELUX SK800 INALAMBRICO;;SK800;;15,40;;3 MESES;;;
000000001114;;TECLADO GAMING CHEKPOINT KX-300;;KX-300;;39,09;;3 MESES;;;
000000001684;;TECLADO GENIUS SLIMSTAR 230 USB;;GENIUS 230USB;;10,56;;3 MESES;;;
000000001646;;TECLADO HAVIT USB SERIE GAMING KB866L-SP;;KB-866L-SP;;13,11;;3 meses;;;
000000001702;;"TECLADO MOUSE COMBO INALAMBRICO ARGOM NEGRO USB
ARG-KB-7436";;ARG-KB-7436;;14,89;;3 MESES;;;
000000000723;;TECLADO NUMERICO RETRACTIL USB -19 TECLAS ARG-KB-1076 ARGOM;;ARG-KB-1076;;6,12;;3 MESES;;;
000000000474;;"TECLADO U-KEIBOARD KUW-01 WIRELESS BUSINESS 2.4GHZ MINI
RECEIVER";;KUW-01;;12,28;;3 MESES;;;
;;;;;;;;;;;
NOTA: PRECIOS VALIDOS SOLO POR 24 HORAS, LOS MISMOS PUEDEN VARIAR SIN VENTAS AL MAYOR , NO SE DEVUELVE DINERO UNA VEZ REALIZADA LA COMPRA;;;;;;;;;;;
;;;;;;;;;;;
GReport 1.1.3;;;;;;;;;;Página 7/29;
;;;;;;;;;;;
;;;"HAZ TU PEDIDO Y ""CRECE CON NOSOTROS""";;;;;;;;
;;;;;;;;;;;
;;;;;;;;;FECHA: 08/05/2023;;
;;;;;;;;;;;
;;;;;;;;;;;
CODIGO;;DESCRIPCION;;MODELO;;PRECIO;;GARANTIA;;;
000000000021;;TECLADO U-KEYBOARD UK-01 USB ESPANOL 1200 DPI;;UK-01;;5,61;;3 MESES;;;
000000001294;;UNIDAD DVD INTERNA SATA;;DVD SATA;;15,00;;1 MESE;;;
000000000879;;VOLANTE LOGITECH G29 RACING WHELL;;G29;;255,00;;3 M;;;
ADAPTADOR;;;;;;;;;;;
000000000012;;BLUETOOH USB AUDIORECEPTOR TRANSMISOR WIRELESS BT-800 2 IN 1;;BT-800;;4,39;;15 DIAS;;;
BASE DE TV;;;;;;;;;;;
000000001639;;"BASE PARA TV FIJA 26"" A 63""";;26´A 63´;;7,80;;N/A;;;
000000001640;;"BASE PARA TV FIJA 32"" A 80""";;32´A 80´;;13,20;;N/A;;;
000000001641;;"BASE PARA TV INCLINABLE 32"" A 70""";;32´A 70´;;21,48;;N/A;;;
000000001642;;"BASE PARA TV SH-20T 15"" A 43""";;15´A 43´;;10,68;;N/A;;;
CABLE;;;;;;;;;;;
000000000039;;CABLE DE PODER PC;;CABLE PODER PC;;1,44;;N/A;;;
000000001632;;CABLE EXTENSOR ATX 24 PINES;;ATX 24 PINES;;4,56;;N/A;;;
000000000003;;CABLE MIKI CORRIENTE 1.5MTS;;MIKI 1.5MTS;;1,60;;N/A;;;
;;;;;;;;;;;
NOTA: PRECIOS VALIDOS SOLO POR 24 HORAS, LOS MISMOS PUEDEN VARIAR SIN VENTAS AL MAYOR , NO SE DEVUELVE DINERO UNA VEZ REALIZADA LA COMPRA;;;;;;;;;;;
;;;;;;;;;;;
GReport 1.1.3;;;;;;;;;;Página 8/29;
;;;;;;;;;;;
;;;"HAZ TU PEDIDO Y ""CRECE CON NOSOTROS""";;;;;;;;
;;;;;;;;;;;
;;;;;;;;;FECHA: 08/05/2023;;
;;;;;;;;;;;
;;;;;;;;;;;
CODIGO;;DESCRIPCION;;MODELO;;PRECIO;;GARANTIA;;;
000000000034;;CABLE VGA PARA MONITOR;;VGA;;2,40;;N/A;;;
CARTUCHOS, TINTAS Y TONER;;;;;;;;;;;
000000001328;;"CINTA EPSON ERC-38B BLACK PARA MODELO
TMU950/TMU925/TMH5000";;ERC-38B;;1,80;;N/A;;;
000000001337;;TINTA CANON GI-11 BK LAM;;GI-11;;12,47;;N/A;;;
000000001338;;TINTA CANON GI-11 CYAN LAM;;GI-11;;11,34;;N/A;;;
000000001339;;TINTA CANON GI-11 MAGENTA LAM;;GI-11;;11,34;;N/A;;;
000000001340;;TINTA CANON GI-11 YELLOW LAM;;GI-11;;11,34;;N/A;;;
000000001313;;TINTA EPSON BLACK T49M120;;T49M120;;21,87;;N/A;;;
000000001310;;TINTA EPSON BLACK T544120 SERIE 3100/3150;;T544120;;10,54;;N/A;;;
000000001314;;TINTA EPSON CYAN T49M220;;T49M220;;21,87;;N/A;;;
000000001307;;TINTA EPSON CYAN T544220 SERIE 3100/3150;;T544220;;10,80;;N/A;;;
000000001315;;TINTA EPSON MAGENTA T49M320;;T49M320;;21,87;;N/A;;;
000000001316;;TINTA EPSON YELLOW T49M420;;T49M420;;21,87;;N/A;;;
;;;;;;;;;;;
NOTA: PRECIOS VALIDOS SOLO POR 24 HORAS, LOS MISMOS PUEDEN VARIAR SIN VENTAS AL MAYOR , NO SE DEVUELVE DINERO UNA VEZ REALIZADA LA COMPRA;;;;;;;;;;;
;;;;;;;;;;;
GReport 1.1.3;;;;;;;;;;Página 9/29;
;;;;;;;;;;;
;;;"HAZ TU PEDIDO Y ""CRECE CON NOSOTROS""";;;;;;;;
;;;;;;;;;;;
;;;;;;;;;FECHA: 08/05/2023;;
;;;;;;;;;;;
;;;;;;;;;;;
CODIGO;;DESCRIPCION;;MODELO;;PRECIO;;GARANTIA;;;
000000001309;;TINTA EPSON YELLOW T544420 SERIE 3100/3150;;T544420;;10,80;;N/A;;;
000000001750;;"TONER MAXIPRINT COMPATIBLE CON HP
CB435A/CB436A/CE285A/CRG125";;CB435A/CB436A/CE285;;12,00;;;;;
CASE PARA PC;;;;;;;;;;;
000000001288;;CASE ATX DELUX G505 SIN FUENTE;;G-505;;54,00;;N/A;;;
000000001627;;CASE ANTEC DARK PHANTOM DP301M;;DP301M;;93,71;;N/A;;;
000000001628;;CASE ANTEC DF800 FLUX ATX GAMING CA-DF800 CON FAN COOLER;;CA-DF800;;147,20;;N/A;;;
000000001289;;"CASE COMBO ATX DELUX C710 TECLADO + MOUSE INALAMBRICO SIN
FUENTE";;G-505;;60,00;;N/A;;;
000000001664;;CASE COOLER MASTER N200 MINI TOWER CA-200KKN1 (1 FAN COOLER);;CA-200KKN1;;135,17;;N/A;;;
000000001622;;CASE COOLER MASTER TD300 MESH CA-TD300KG (2 FAN COOLER);;CA-TD300KG;;185,00;;N/A;;;
000000001623;;CASE COOLER MASTER TD300 MESH CA-TD300WG BLANCO;;CA-TD300WG;;185,00;;N/A;;;
000000001160;;CASE CORSAIR 280X WT-136-BD CC-9011136-WW (2 FAN COOLER);;CC-9011136-WW;;184,08;;N/A;;;
000000001290;;CASE DELUXE G505 (SIN FUENTE);;G505;;55,00;;N/A;;;
000000000884;;CASE GAMING CHEKPOINT CP-400 RGB;;CP-400;;45,87;;N/A;;;
;;;;;;;;;;;
NOTA: PRECIOS VALIDOS SOLO POR 24 HORAS, LOS MISMOS PUEDEN VARIAR SIN VENTAS AL MAYOR , NO SE DEVUELVE DINERO UNA VEZ REALIZADA LA COMPRA;;;;;;;;;;;
;;;;;;;;;;;
GReport 1.1.3;;;;;;;;;;Página 10/29;
;;;;;;;;;;;
;;;"HAZ TU PEDIDO Y ""CRECE CON NOSOTROS""";;;;;;;;
;;;;;;;;;;;
;;;;;;;;;FECHA: 08/05/2023;;
;;;;;;;;;;;
;;;;;;;;;;;
CODIGO;;DESCRIPCION;;MODELO;;PRECIO;;GARANTIA;;;
000000001613;;CASE GAMING CHEKPOINT CP-800 RGB E-ATX;;CP-800;;62,62;;N/A;;;
000000001612;;CASE GAMING CHEKPOINT CP-850 RGB E-ATX;;CP-850;;64,07;;N/A;;;
000000001616;;"CASE GAMING THERMALTAKE DIVIDER 370TG ARGB CA-D370TGK (2 FAN
COOLER)";;CA-D370TGK;;198,92;;S/G;;;
000000001064;;CASE K03 CON FUENTE 400W 4PIN LED;;K03;;45,99;;48 HORAS (FUENTE);;;
000000001293;;CASE K09 CON FUENTE 500W 12CM 20+4PIN;;K09;;49,45;;S/G;;;
000000001285;;CASE K11 SIN FUENTE 600W 12CM 20+4PIN;;K11;;55,00;;N/A;;;
000000001626;;CASE LIAN LI 011DYNAMIC NEGRO CS-PCO11DX;;CS-PCO11DX;;236,51;;N/A;;;
000000001621;;"CASE THERMALTAKE H SERIE H700TGK MDT CA-H700TGK (1 FAN
COOLER)";;CA-H700TGK;;158,32;;N/A;;;
000000001663;;CASE THERMALTAKE VERSA H21 NEGRO CA-B2M1NN (1 FAN COOLER);;CA-B2M1NN;;104,37;;N/A;;;
000000001617;;CASE THERMALTAKE VIEW 300MX CA-V300MXK (2 FAN COOLER);;CA-V300MXK;;249,99;;N/A;;;
000000000314;;CASE VARIOS CON FUENTE LP36 / LP22;;CASE CON FUENTE;;51,81;;N/A;;;
COMPUTADOR NUEVO;;;;;;;;;;;
000000000783;;ALL IN ONE HP 205 AMD ATHLON G4 4GB DDR4 1TB HDD FREDOS 22´;;205;;286,45;;12 MESES;;;
;;;;;;;;;;;
NOTA: PRECIOS VALIDOS SOLO POR 24 HORAS, LOS MISMOS PUEDEN VARIAR SIN VENTAS AL MAYOR , NO SE DEVUELVE DINERO UNA VEZ REALIZADA LA COMPRA;;;;;;;;;;;
;;;;;;;;;;;
GReport 1.1.3;;;;;;;;;;Página 11/29;
;;;;;;;;;;;
;;;"HAZ TU PEDIDO Y ""CRECE CON NOSOTROS""";;;;;;;;
;;;;;;;;;;;
;;;;;;;;;FECHA: 08/05/2023;;
;;;;;;;;;;;
;;;;;;;;;;;
CODIGO;;DESCRIPCION;;MODELO;;PRECIO;;GARANTIA;;;
000000000861;;COMPUTADOR CLON NUEVO I5 4GEN 4GB 120GB SSD;;I5/4GB/120SSD;;138,32;;6 MESES;;;
000000001660;;"COMPUTADOR DELL INSPIRON 3910 BLU CORE I5-12400 1TB+256GB SSD
12GB UHD GRAPHICS DVDRW WIFI W11";;I3910-BLU;;706,49;;12 MESES;;;
000000001662;;"COMPUTADOR LENOVO THINK M90S SFF CORE I5-10500 256GB SSD 8GB
DVDRW W10";;M90S;;564,93;;12 MESES;;;
COMPUTADOR REFURBISH;;;;;;;;;;;
000000000040;;COMPUTADOR DELL I3 6GEN 4GB SIN DISCO SLIM SFF REFURBISHES;;I3 6GEN 4GB SSD 120;;80,00;;3 MESES;;;
000000000592;;COMPUTADOR DELL I5 6GEN 8GB SSD120GB SLIM SFF REFUBISHED;;I5 6GEN 120SSD 8GB;;148,35;;3 MESES;;;
000000000737;;COMPUTADOR DELL I7 4GEN 4GB 160/320/500GB SLIM REFURBISHED;;I7 4GEN 4GB 160GB;;129,00;;3 MESES;;;
000000000669;;COMPUTADOR DELL MINI I5 7GEN 8GB HDD250 / 500GB REFURBISH SLIM;;I5 7GEN 4GB 250GB;;146,00;;3 MESES;;;
000000001587;;"COMPUTADOR DELL MINI I5 7GEN 8GB SSD 256GB REFURBISHES SLIM
USFF";;I5 6GEN 8GB SSD256GB;;150,00;;3 MESES;;;
000000001707;;"COMPUTADOR DELL MINI I5 9GEN 4GB SSD256GB M.2 SLIM USFF
REFURBHISED";;I5 9GEN 4GB 256SSD;;214,99;;3 MESES;;;
000000001517;;COMPUTADOR DELL OPTIPLEX7040 MINI I5 6TA 8GB M.2 256GB SSD;;OPTIPLEX7040 MINI I5;;185,00;;3 MESES;;;
000000000890;;"COMPUTADOR HP AMD A6 PRO 7400B 4GB 160/250/320/500GB SLIM
REFURBISHED";;ADM A6 PRO 7400B;;120,00;;3 MESES;;;
000000000005;;COMPUTADOR HP ATHLON 3GEN 250/320/500GB SLIM REFURBISHED;;HP ATLON 3GEN 3GB;;99,00;;3 MESES;;;
;;;;;;;;;;;
NOTA: PRECIOS VALIDOS SOLO POR 24 HORAS, LOS MISMOS PUEDEN VARIAR SIN VENTAS AL MAYOR , NO SE DEVUELVE DINERO UNA VEZ REALIZADA LA COMPRA;;;;;;;;;;;
;;;;;;;;;;;
GReport 1.1.3;;;;;;;;;;Página 12/29;
;;;;;;;;;;;
;;;"HAZ TU PEDIDO Y ""CRECE CON NOSOTROS""";;;;;;;;
;;;;;;;;;;;
;;;;;;;;;FECHA: 08/05/2023;;
;;;;;;;;;;;
;;;;;;;;;;;
CODIGO;;DESCRIPCION;;MODELO;;PRECIO;;GARANTIA;;;
000000001078;;COMPUTADOR HP I5 4GEN 8GB 320/500GB SLIM REFURBISHED;;I5 4GEN 4GB 160GB;;115,00;;3 MESES;;;
000000000471;;COMPUTADOR HP I5 6GEN 8GB 250/500 GB REFURBISH;;I5 6GEN 4GB 250-500;;145,00;;3 MESES;;;
000000000383;;COMPUTADOR HP I5 6TA 4GB 250/500GB REFURBISH;;I5 320GB 4GEN;;168,00;;3 MESES;;;
000000000507;;COMPUTADOR HP MINI I5 4GEN 4GB 500GB;;I5 4GEN 4GB 500GB;;109,00;;3 MESES;;;
000000001579;;COMPUTADOR HP MINI I3 6GEN 4GB 500GB REFURBISHES;;I3 6GEB 4GB 500GB;;114,00;;3 MESES;;;
000000000469;;COMPUTADOR HP MINI I5 6GEN 8GB 128SSD REFURBISHES SLIM USFF;;I5 6GEN 8GB 128SSD;;140,00;;3 MESES;;;
000000001583;;COMPUTADOR HP MINI I5 6GEN 8GB 500GB REFURBISHE;;I5 6GEN 8GB 500GB;;130,00;;3 MESES;;;
000000001532;;COMPUTADOR HP PRODESK I5 6GEN 500GB 8GB REFURBISHED;;HP I5 6GEN 8GB 500GB;;149,00;;3 MESES;;;
000000000504;;COMPUTADOR HP XEON V3 4GB RAM 250GB/500GB REFURBISH;;XEON V3;;110,00;;3 MESES;;;
000000000351;;COMPUTADOR LENOVO I3 6GEN 4GB 120GB SSD SLIM REFURBISHED;;LENOVO I3 6G 4GB 120;;147,00;;3 MESES;;;
000000000571;;COMPUTADOR LENOVO I5 4GEN 4GB 250-500GB SLIM REFURBISHED;;I5 4GEN 4GB 160GB;;99,00;;3 MESES;;;
000000000746;;COMPUTADOR LENOVO I5 6GEN 500GB 8GB REFURBISH;;LENOVO I5 6GEN 500G;;140,00;;3 MESES;;;
000000000898;;"COMPUTADOR MINI DELL I5 8GEN 8GB SSD256GB M.2 SLIM USFF
REFURBISHED";;I5 6GRN 8GB 256SSD;;219,99;;3 MESES;;;
;;;;;;;;;;;
NOTA: PRECIOS VALIDOS SOLO POR 24 HORAS, LOS MISMOS PUEDEN VARIAR SIN VENTAS AL MAYOR , NO SE DEVUELVE DINERO UNA VEZ REALIZADA LA COMPRA;;;;;;;;;;;
;;;;;;;;;;;
GReport 1.1.3;;;;;;;;;;Página 13/29;
;;;;;;;;;;;
;;;"HAZ TU PEDIDO Y ""CRECE CON NOSOTROS""";;;;;;;;
;;;;;;;;;;;
;;;;;;;;;FECHA: 08/05/2023;;
;;;;;;;;;;;
;;;;;;;;;;;
CODIGO;;DESCRIPCION;;MODELO;;PRECIO;;GARANTIA;;;
000000001140;;COMPUTADOR MINI HP I5 6GEN 4GB 128SSD REFURBISHES SLIM USFF;;I5 6GEN 4GB SSD128;;135,00;;3 MESES;;;
000000001580;;COMPUTADOR MINI HP I5 6GEN 4GB 500GB REFURBISHES;;I5 6GEN 4GB 500GB;;145,00;;3 MESES;;;
000000001442;;LOTE EQUIPOS VARIAS MARCAS, MIXTOS SIN HDD ML FACT 231001;;;;66,80;;3 MESES;;;
COOLER Y ENFRIAMIENTO;;;;;;;;;;;
000000001615;;"FAN COOLER DEEPCOOL AG400 BK ARGB INTEL
LGA1700/1200/1151/1150/1155/ AMD AM5/AM4";;AG400 BK;;43,57;;48 HORAS;;;
000000001624;;FAN COOLER MASTER HYPER 212 RGB FAN-212CR2;;FAN-212CR2;;109,00;;48 HORAS;;;
000000000906;;FAN COOLER NYCETEK RGB 120MM RGB;;FAN COOLER RGB;;3,75;;48 HORAS;;;
000000000449;;FAN COOLER PROCESADOR LGA1155;;120MM;;8,16;;48 HORAS;;;
000000001261;;FAN COOLER RGBF100 CHECKPOINT 3X120MM RGB;;FAN RGBF100;;14,56;;48 HORAS;;;
000000001742;;"FAN COOLER THERMALRIGHT FROZEN NOTTE 240 BLACK ARGB
REFRIGERACION LIQUIDA";;NOTTE 240 BLACK;;8,16;;48 HORAS;;;
000000001272;;FAN COOLER U UP50 COOLER SOCKET INTEL- 115X / 1200;;UP50 115X / 1200;;4,91;;48 HORAS;;;
000000001165;;"SISTEMA RGB REFRIGERACION LIQUIDO CORSAIR CPU-U H100L-046BD
CC-9060046-WW";;CC-9060046-WW;;176,88;;3 MESES;;;
000000001666;;"SISTEMA RGB REFRIGERACION LIQUIDO CORSAIR CPU-U H100X-0065
CW-9060065-WW";;CW-9060065-WW;;110,00;;3 MESES;;;
;;;;;;;;;;;
NOTA: PRECIOS VALIDOS SOLO POR 24 HORAS, LOS MISMOS PUEDEN VARIAR SIN VENTAS AL MAYOR , NO SE DEVUELVE DINERO UNA VEZ REALIZADA LA COMPRA;;;;;;;;;;;
;;;;;;;;;;;
GReport 1.1.3;;;;;;;;;;Página 14/29;
;;;;;;;;;;;
;;;"HAZ TU PEDIDO Y ""CRECE CON NOSOTROS""";;;;;;;;
;;;;;;;;;;;
;;;;;;;;;FECHA: 08/05/2023;;
;;;;;;;;;;;
;;;;;;;;;;;
CODIGO;;DESCRIPCION;;MODELO;;PRECIO;;GARANTIA;;;
000000001688;;"SISTEMA RGB REFRIGERACION LIQUIDO CORSAIR iCUE H60XELITE
CW-9060064-WW";;CW-9060064-WW;;79,93;;3 MESES;;;
DISCO DE ALMACENAMIENTO;;;;;;;;;;;
000000000871;;DISCO DURO EXTERNO SEAGATE 1TB 2.5 USB 3.0;;1TB;;49,50;;3 M;;;
000000000904;;"DISCO DURO SAS PARA SERVIDOR PULL 3.5"" 1TB";;1TB 3.5;;18,00;;3 M;;;
000000000043;;DISCO DURO WESTER DIGITAL PULL 1TB SATA REFURBISH;;1TB SATA;;21,03;;3 MESES;;;
000000000046;;DISCO SOLIDO ADDLINK 120GB SSD 2.5? SATA III 6Gb/s;;SSD 120GB 2.5;;10,78;;12 MESES;;;
000000000417;;DISCO SOLIDO ADDLINK 1TB SSD S68 M.2 2100/1700MB GEN 3X4;;1TB M.2 S68;;48,94;;12 MESES;;;
000000001490;;DISCO SOLIDO ADDLINK 256GB M.2 S70 3000/1000 GEN 3X4;;S70 256GB M.2 GEN3X4;;19,33;;12 MESES;;;
000000000192;;DISCO SOLIDO ADDLINK 256GB SSD 2.5 SATA III 6Gb/s;;256GB 2.5;;15,60;;12 MESES;;;
000000001452;;"DISCO SOLIDO ADDLINK 2TB SSD 2.5"" SATA III S20 / S22QLC 6Gb/s";;ADDLINK 2TB 2.5;;86,48;;12 M;;;
000000000193;;DISCO SOLIDO ADDLINK 512GB 2.5 SATA III 6Gb/s;;512GB 2.5;;24,89;;12 MESES;;;
000000000513;;DISCO SOLIDO KINGSTON 480GB 2.5 SATA 3;;SSD 480GB;;30,50;;12 MESES;;;
000000001611;;DISCO SOLIDO MUSHKIN 480GB SSD M.2 480GB GEN3 X4;;SSD 480 M.2 GEN 3X4;;29,91;;12 M;;;
;;;;;;;;;;;
NOTA: PRECIOS VALIDOS SOLO POR 24 HORAS, LOS MISMOS PUEDEN VARIAR SIN VENTAS AL MAYOR , NO SE DEVUELVE DINERO UNA VEZ REALIZADA LA COMPRA;;;;;;;;;;;
;;;;;;;;;;;
GReport 1.1.3;;;;;;;;;;Página 15/29;
;;;;;;;;;;;
;;;"HAZ TU PEDIDO Y ""CRECE CON NOSOTROS""";;;;;;;;
;;;;;;;;;;;
;;;;;;;;;FECHA: 08/05/2023;;
;;;;;;;;;;;
;;;;;;;;;;;
CODIGO;;DESCRIPCION;;MODELO;;PRECIO;;GARANTIA;;;
000000000181;;DISCO WESTER DIGITAL PULL 2TB 3.5;;BARRACUDA 2TB;;36,60;;3 MESES;;;
ELECTRODOMESTICOS;;;;;;;;;;;
000000000136;;ARROCERA 10 CUP NEGRA TS-20;;TS-20;;30,00;;3 MESES;;;
000000000135;;ARROCERA ELECTRICA 8 CUP TS-15;;TS-15;;25,00;;3 MESES;;;
000000000986;;TELEFONO PANASONIC KX-TS500MX ALAMBRICO FIJO;;KX-TS500MX;;13,80;;1 MES;;;
000000000540;;TELEFONO PANASONIC KX-TSC7708CID ALAMBRICO FIJO;;KX-TSC7708CID;;21,89;;1 MES;;;
000000000123;;TETERA BLANCA 1.7 L KT-1617;;KT-1617;;13,00;;;;;
FUENTES DE PODER;;;;;;;;;;;
000000000206;;FUENTE DE PODER CORSAIR 1000W USADA;;0024859NE;;84,00;;1 MES;;;
000000000438;;FUENTE DE PODER CLASICA UATX-550W;;UATX-550W;;15,43;;48 HORAS;;;
000000000222;;FUENTE DE PODER EVGA 1000W P5 80+PLATINUM FULLY MODULAR;;1000W PLATINUM;;210,72;;3 MESES;;;
000000000403;;FUENTE DE PODER EVGA 600W 80 PLUS;;EVGA 600W 80;;54,66;;3 MESES;;;
000000001578;;FUENTE DE PODER EVGA 850W G5 80+ GOLD FULLY MODULAR;;850W G5 GOLD;;154,34;;3 MESES;;;
000000001574;;"FUENTE DE PODER GIGABYTE GP-UD750GM 750W POWER SUPPLY 80+
GOLD";;GP-UD750GM;;111,11;;3 MESES;;;
;;;;;;;;;;;
NOTA: PRECIOS VALIDOS SOLO POR 24 HORAS, LOS MISMOS PUEDEN VARIAR SIN VENTAS AL MAYOR , NO SE DEVUELVE DINERO UNA VEZ REALIZADA LA COMPRA;;;;;;;;;;;
;;;;;;;;;;;
GReport 1.1.3;;;;;;;;;;Página 16/29;
;;;;;;;;;;;
;;;"HAZ TU PEDIDO Y ""CRECE CON NOSOTROS""";;;;;;;;
;;;;;;;;;;;
;;;;;;;;;FECHA: 08/05/2023;;
;;;;;;;;;;;
;;;;;;;;;;;
CODIGO;;DESCRIPCION;;MODELO;;PRECIO;;GARANTIA;;;
000000001081;;FUENTE DE PODER NYCETEK 650W ATX POWER SUPPLY;;650W;;15,80;;48 HORAS;;;
000000001706;;FUENTE DE PODER NYCETEK 850W ATX POWER SUPPLY;;NPS-F850W;;19,70;;48 HORAS;;;
IMPRESORAS;;;;;;;;;;;
000000000561;;"IMPRESORA CANON G2160 MULTIFUNCIONAL PIXMA TINTA CONTINUA
COLOR";;G2160;;159,41;;12 MESES;;;
000000001652;;IMPRESORA CREALITY ENDER 3 3D ALUMINUM BLACK;;ENDER 3 3D;;257,00;;6 MESES;;;
000000001650;;"IMPRESORA CREALITY ENDER 3 NEO 3D PRINTER CON CR TOUCH AUTO
BED LEVELING KIT";;ENDER 3 NEO 3D;;275,46;;6 MESES;;;
000000001548;;IMPRESORA EPSON L3250 MULTIFUNCIONAL- WIFI- USB;;L3250;;212,40;;1 AÑO;;;
MEMORIAS;;;;;;;;;;;
000000000617;;CABLE AUDIO/VIDEO RCA A RCA;;RCA / RCA;;1,38;;;;;
000000000684;;FUENTE DE PODER MICRO ATX MARCA U 500W CLASICA;;550W;;16,95;;24 HORAS;;;
000000000757;;MEMORIA 2GB DDR3 1333MHZ;;DDR3 2GB;;10,00;;3 MESES;;;
000000000845;;MEMORIA 4GB DDR3 PARA LAPTOP PULL 12800S;;4GB DDR3 NOT PULL;;10,50;;3 MESES;;;
000000001534;;MEMORIA 4GB DDR4 PARA PC RBF;;4GB DDR4;;14,06;;3 MESES;;;
000000000796;;MEMORIA 8GB DDR3 PC RFB;;8GB DDR3;;23,34;;3 MESES;;;
;;;;;;;;;;;
NOTA: PRECIOS VALIDOS SOLO POR 24 HORAS, LOS MISMOS PUEDEN VARIAR SIN VENTAS AL MAYOR , NO SE DEVUELVE DINERO UNA VEZ REALIZADA LA COMPRA;;;;;;;;;;;
;;;;;;;;;;;
GReport 1.1.3;;;;;;;;;;Página 17/29;
;;;;;;;;;;;
;;;"HAZ TU PEDIDO Y ""CRECE CON NOSOTROS""";;;;;;;;
;;;;;;;;;;;
;;;;;;;;;FECHA: 08/05/2023;;
;;;;;;;;;;;
;;;;;;;;;;;
CODIGO;;DESCRIPCION;;MODELO;;PRECIO;;GARANTIA;;;
000000001535;;MEMORIA 8GB DDR4 PARA PC RBF;;8GB DDR4;;28,00;;3 MESES;;;
000000001375;;"MEMORIA ADDLINK 16GB DDR5 4800MHZ CL40 UDIMM
AG16GB48C40D5UB";;AG16GB48C40S5UB;;97,44;;12 M;;;
000000001376;;"MEMORIA ADDLINK 16GBX2 (32GB KIT) DDR5 4800MHZ CL40 UDIMM
AG16GB48C40S5UBX2";;16GBX2 DDR5 4800MHZ;;198,24;;12 M;;;
000000001378;;"MEMORIA ADDLINK 8GBX2 (16GB KIT) DDR4 3200MHZ CL16 UDIMM RGB
AG8GB32C16X4UBX2";;AG8GB16C16X4UBX2;;124,94;;12 MESES;;;
000000001654;;"MEMORIA ADDLINK RGB 16GB DDR4 3200MHZ CL16 UDIMM
AG16GB32C16X4UB";;AG16GB32C16X4UB;;50,00;;12 M;;;
000000001377;;"MEMORIA ADDLINK RGB 16GBX2 (32GB KIT) DDR4 3200MHZ CL16
UDIMM AG16GB32C16X4UBX2";;AG16GB32C16X4UBX2;;73,13;;12 MESES;;;
000000000807;;MEMORIA ADDLINK RGB 8GB DDR4 3200MHZ CL16;;8GB DDR4 RGB 3200MHZ;;27,00;;12 M;;;
000000001089;;MEMORIA ADDLINK SPIDER N4-16GB DDR4 3200MHZ CL22 SODIMM;;16GB DDR4 3200MHZ N4;;52,14;;12 M;;;
000000001687;;MEMORIA CORSAIR VENGEANCE LPX 16GB 2X8GB DDR4 2666MHZ C16;;CMW8GX4M2A2666C16;;49,00;;12 MESES;;;
000000001671;;MEMORIA CORSAIR VENGEANCE RGB RS8GB 1X8 DDR4 3200MHZ C16;;CMG8GX4M1E3200C16;;33,00;;12 MESES;;;
000000001150;;MEMORIA CRUCIAL 32GBKIT (2 X 16GB) DDR5 4800 PARA PC;;32GB KIT DDR5 4800;;245,00;;12 MESES;;;
000000000394;;MEMORIA MIXED RAM 4GB DDR3 PC3 1600/12800 REFURBISH;;4GB DDR3 1600/12800;;7,90;;3 MESES;;;
000000000037;;MEMORIA MUSHKIN 2GB PC2-6400;;PC2 2GB 6400;;13,11;;12 MESES;;;
;;;;;;;;;;;
NOTA: PRECIOS VALIDOS SOLO POR 24 HORAS, LOS MISMOS PUEDEN VARIAR SIN VENTAS AL MAYOR , NO SE DEVUELVE DINERO UNA VEZ REALIZADA LA COMPRA;;;;;;;;;;;
;;;;;;;;;;;
GReport 1.1.3;;;;;;;;;;Página 18/29;
;;;;;;;;;;;
;;;"HAZ TU PEDIDO Y ""CRECE CON NOSOTROS""";;;;;;;;
;;;;;;;;;;;
;;;;;;;;;FECHA: 08/05/2023;;
;;;;;;;;;;;
;;;;;;;;;;;
CODIGO;;DESCRIPCION;;MODELO;;PRECIO;;GARANTIA;;;
000000000331;;MEMORIA MUSHKIN 4GB PC3L 12800Mhz NOTEBOOK;;PC3L 4G 12800MHZ NOT;;20,16;;12 MESES;;;
000000001773;;MEMORIA PATRIOT 8GB DDR4 2666MHZ NOTEBOOK;;NOTEB 8GB DDR4 266;;24,26;;12 MESES;;;
000000001382;;MEMORIA PNY 16GB DDR4 2666MHZ PC4-21300 PARA PC;;16GB DDR4 2666MHZ;;51,32;;1 AÑO;;;
000000000036;;MEMORIA PNY 8GB DDR3 1600MHZ SODIMM NOTEBOOK;;8GB DDR3 SODIMM;;21,03;;12 MESES;;;
000000001006;;MEMORIA PNY DDR3 4GB 1600MHZ PARA NOTEBOOK;;DDR3 4GB NOTEBOOK;;14,60;;12 MESES;;;
000000000532;;MEMORIA PNY DDR3 4GB 1600MHZ PARA PC;;DDR3 4GB 1600MHZ;;15,50;;12 MESES;;;
000000001275;;MEMORIA PNY RGB 8GB DDR4 3200MHZ DIMM;;8GB DDR4 DIMM;;25,72;;12 M;;;
000000000292;;MICRO SD KINGSTON HC CLASS 10 32GB CON ADAPTADOR;;SDCS2-32GB-TW;;3,64;;12 MESES;;;
000000001173;;MICRO SD KINGSTON HC CLASS 10 256GB CON ADAPTADOR;;SDCS2-256GB-TW;;30,31;;12 MESES;;;
MONITORES;;;;;;;;;;;
000000000032;;MONITOR 19¨ REFURBISH MIXED CLASE A SIN CABLES;;19´;;43,00;;3 MESES;;;
000000000018;;MONITOR 20´´REFURBISH MIXED CLASE A;;20´´ RFB;;59,00;;3 MESES;;;
000000001017;;MONITOR 20´´REFURBISH MIXED CLASE B;;20´ RFB;;45,00;;3 MESES;;;
;;;;;;;;;;;
NOTA: PRECIOS VALIDOS SOLO POR 24 HORAS, LOS MISMOS PUEDEN VARIAR SIN VENTAS AL MAYOR , NO SE DEVUELVE DINERO UNA VEZ REALIZADA LA COMPRA;;;;;;;;;;;
;;;;;;;;;;;
GReport 1.1.3;;;;;;;;;;Página 19/29;
;;;;;;;;;;;
;;;"HAZ TU PEDIDO Y ""CRECE CON NOSOTROS""";;;;;;;;
;;;;;;;;;;;
;;;;;;;;;FECHA: 08/05/2023;;
;;;;;;;;;;;
;;;;;;;;;;;
CODIGO;;DESCRIPCION;;MODELO;;PRECIO;;GARANTIA;;;
000000001559;;"MONITOR 27"" MSI OPTIX-G27C5 GAMING 165HZ 1920X1080 HD CURVED";;OPTIX-G27C5;;298,08;;1 AÑO;;;
000000001658;;"MONITOR DELL SE2422H 24"" 1920X1080 AMD FREESYNC 3000 VGA";;SE2422H;;142,07;;12 MESES;;;
000000001400;;"MONITOR HP 22"" CLASE A LCD REFURBISHED";;MONITOR 22;;60,90;;3 MESES;;;
000000001079;;MONITOR LG 20¨ 20MK400H-B HDMI;;LG20MK400HB;;83,06;;3 AÑOS;;;
000000001454;;MONITOR LG 22¨ FULL HD 1920 x 1080 CON AMD FREESYNC 22MP410-B;;"22"" 22MP410-B";;104,64;;3 AÑOS;;;
000000001456;;"MONITOR LG 26¨ ULTRAWIDE 2560x1080p AMD FREESYNC IPS
26WQ500-B";;"26"" 26WQ500-B";;173,96;;3 AÑOS;;;
000000001175;;MONITOR LG 27¨ FULL HD IPS 27MP60G-B.AWP CON AMD FREESYNC;;27¨27MP60G;;183,12;;3 AÑOS;;;
000000001455;;MONITOR LG 32¨QHD 2560 x 1440p WIDE 32QN600-B;;"32"" 32QN600-B";;305,14;;3 AÑOS;;;
000000001720;;MONITOR LG 19¨ LCD FHD 1366 x 768 WIDE 19M38H-B AWP;;19M38H-B.AWP;;75,86;;3 AÑOS;;;
000000001724;;MONITOR LG 24¨ HD 1920 x 1080 WIDE 24MK430H-B.AWP;;24MK430H-B.AWP;;116,41;;3 AÑOS;;;
000000001726;;MONITOR LG 24¨ LCD 1920 x 1080 FHD WIDE 24GN60R-B;;24GN60R-B;;183,12;;3 AÑOS;;;
000000001721;;MONITOR LG 29¨ LCD FHD 2560 x 1080 WIDE 29WQ500-B AWP;;29WQ500-B AWP;;222,36;;3 AÑOS;;;
000000001725;;MONITOR LG 32¨AMD FREESYNC FULL HD 32MN600P-B;;32MN600P-B;;172,66;;3 AÑOS;;;
;;;;;;;;;;;
NOTA: PRECIOS VALIDOS SOLO POR 24 HORAS, LOS MISMOS PUEDEN VARIAR SIN VENTAS AL MAYOR , NO SE DEVUELVE DINERO UNA VEZ REALIZADA LA COMPRA;;;;;;;;;;;
;;;;;;;;;;;
GReport 1.1.3;;;;;;;;;;Página 20/29;
;;;;;;;;;;;
;;;"HAZ TU PEDIDO Y ""CRECE CON NOSOTROS""";;;;;;;;
;;;;;;;;;;;
;;;;;;;;;FECHA: 08/05/2023;;
;;;;;;;;;;;
;;;;;;;;;;;
CODIGO;;DESCRIPCION;;MODELO;;PRECIO;;GARANTIA;;;
000000001722;;MONITOR LG 34¨ LCD WIDE 2560 X 1080 34WQ650-W.AWP;;34WQ650-W-AWP;;333,54;;3 AÑOS;;;
000000001723;;MONITOR LG 45¨ OLED WIDE 3440 X 1400 45GR95QE-B;;45GR95QE-B;;1.700,40;;3 AÑOS;;;
000000001556;;"MONITOR MSI AG321CR GAMING 31.5"" 165HZ 1920X1080 HD CURVED";;MSI AG321CR;;323,70;;12 MESES;;;
000000001555;;"MONITOR MSI G243CV GAMING 23.6"" 75HZ 1920X1080 HD CURVED";;MSI G243CV;;167,58;;12 MESES;;;
000000001629;;"MONITOR SAMSUNG CURVE GAMING 27"" 1920X1080 60HZ
LC27F390FHLXZP";;LC27F390FHLXZP;;196,00;;1 AÑO;;;
000000001656;;"MONITOR VIEWSONIC VIE-VX2416 24¨ FREESYNC FULL HD LED BACKLIT
DISPLAY";;VIE-VX2416;;140,42;;12 MESES;;;
000000001657;;"MONITOR VIEWSONIC VIE-VX2716 27¨ FREESYNG GAMING FULL HD LED
1080P BACKLIT DISPLAY";;VIE-VX2716;;164,29;;12 MESES;;;
000000001738;;"MONITOR WESTINGHOUSE 22"" FULL HD 75HZ WH22FX9222";;WH22FX9222;;88,56;;6 MESES;;;
NOTEBOOK;;;;;;;;;;;
000000000715;;BASE PARA PORTATIL ARGOM ARG-CF-1584 USB 2.0;;ARG-CF-1584;;8,47;;3 MESES;;;
000000000354;;BOLSO PARA IPAC 7-8´ WEL-M78;;TELA / SEMICUERO;;1,00;;N/A;;;
000000001680;;"NOTEBOOK HP 17.3"" FHD AMD RYZEN 5 5500U, 8GB RAM, 512GBSSD,
W11 NATURAL SILVER (17-CP0700DX)";;AMD RYZEN 5 5500U;;577,87;;6 MESES;;;
000000001679;;"NOTEBOOK HP CORE I5-1135G7 256GB SSD 8GB 14 FHD W10
14-DV0010WM SILVER";;HP I5-1135G7;;552,85;;12 MESES;;;
;;;;;;;;;;;
NOTA: PRECIOS VALIDOS SOLO POR 24 HORAS, LOS MISMOS PUEDEN VARIAR SIN VENTAS AL MAYOR , NO SE DEVUELVE DINERO UNA VEZ REALIZADA LA COMPRA;;;;;;;;;;;
;;;;;;;;;;;
GReport 1.1.3;;;;;;;;;;Página 21/29;
;;;;;;;;;;;
;;;"HAZ TU PEDIDO Y ""CRECE CON NOSOTROS""";;;;;;;;
;;;;;;;;;;;
;;;;;;;;;FECHA: 08/05/2023;;
;;;;;;;;;;;
;;;;;;;;;;;
CODIGO;;DESCRIPCION;;MODELO;;PRECIO;;GARANTIA;;;
000000001364;;"NOTEBOOK HP CORE I5-12450H 512GBSSD 8GBDDR4 15.6FHD VICTUS
NVIDIA GTX1650 4GB 15-FA0031DX";;15-FA0031DX;;844,04;;12 MESES;;;
000000001367;;"NOTEBOOK LENOVO 15.6""FHD CELERON N4020 4GBDDR4 256GBSSD
GRAPHICS 600 W10 LENOVO V15IGL 82C3001VSP";;82C3001VSP;;253,55;;12 MESES;;;
000000001771;;"NOTEBOOK LENOVO 3 15IHU6 GAMING CI5-12450H 15.6"" 8GB 512GBSSD
W11 GTX1650 4 82K100LUUS";;81X700FGUS;;844,00;;1 AÑO;;;
000000001733;;"NOTEBOOK LENOVO 3i 14"" FHD CORE I3-1115G4 4GB 128GBSSD W11
81X700FGUS";;81X700FGUS;;314,71;;1 AÑO;;;
000000001717;;"NOTEBOOK LENOVO IDEAPAD 14"" I3-1215U 1.2GHZ 4GB 128SSD W11
82QC003VUS-C";;82QC003VUS-C;;305,73;;12 MESES;;;
000000001349;;"NOTEBOOK LENOVO IDEAPAD 3 15"" HD TOUCHSCREEN CORE I3-1115G4
8GB RAM 256SSD W11 ALMOND 81X800KLUS";;81X800KLUS;;412,97;;6 MESES;;;
000000001730;;"NOTEBOOK LENOVO IDEAPAD RYZEN 5 5625U 2.3GHZ 512GB SSD 8GB
17.3"" FHD WIFI 6 W11 82RQ002XUS";;82RQ002XUS;;594,72;;6 MESES;;;
000000001651;;"NOTEBOOK LENOVO LI 14"" PENTIUM N5030 4GB RAM 128GB SSD W10
82V6001DUS";;82V6001DUS;;209,08;;1 AÑO;;;
000000001415;;"NOTEBOOK LENOVO THINKPAD E15 AMD GEN 3 RYZEN 7 5700U 16GB
DDR4 512GBSSD 15.6FHD W10 PRO BLACK 20YG003CUS";;20YG003CUS;;951,30;;12 MESES;;;
000000001729;;"NOTEBOOK MSI RAIDER GAMING 17.3"" FDH 144HZ I9-12900H 16GB
1TBSSD NVIDEA RTX3060 6GB W11 GE76 12UE-871";;GE76 12UE-871;;1.935,00;;12 MESES;;;
OFERTAS DEL MES;;;;;;;;;;;
000000001597;;COMBO TARJETA MADRE H81 + PROCESADOR I7-4790 + fan cooler;;COMBO CLON;;169,05;;12 MESES;;;
000000001132;;"COMBO TECLADO + MOUSE VARIAS MARCAS REFURBISHED SIN
GARANTIA";;WN823N;;2,00;;12 MESES;;;
PROCESADOR;;;;;;;;;;;
;;;;;;;;;;;
NOTA: PRECIOS VALIDOS SOLO POR 24 HORAS, LOS MISMOS PUEDEN VARIAR SIN VENTAS AL MAYOR , NO SE DEVUELVE DINERO UNA VEZ REALIZADA LA COMPRA;;;;;;;;;;;
;;;;;;;;;;;
GReport 1.1.3;;;;;;;;;;Página 22/29;
;;;;;;;;;;;
;;;"HAZ TU PEDIDO Y ""CRECE CON NOSOTROS""";;;;;;;;
;;;;;;;;;;;
;;;;;;;;;FECHA: 08/05/2023;;
;;;;;;;;;;;
;;;;;;;;;;;
CODIGO;;DESCRIPCION;;MODELO;;PRECIO;;GARANTIA;;;
000000000602;;PROCESADOR AMD RYZEN 5 5600G BOX HEXA-CORE 3.9 GHZ;;RYZEN 5 5600G;;158,85;;12 MESES;;;
000000000902;;"PROCESADOR AMD RYZEN 7 5700G CON GRAFICO RADEON SOCKET
AM4/ 4.6GHZ/ OCTA";;RYZEN 7 5700G;;225,38;;12 MESES;;;
000000000674;;"PROCESADOR INTEL CORE I3-6100 3.70GHZ LGA 1151 pull oem +FAN
COOLER";;I3-6100 OEM;;45,83;;12 MESES;;;
000000001437;;PROCESADOR INTEL CORE I5-12400 6CORE 2.5GHZ BOX;;I5-12400;;223,10;;12 M;;;
000000000771;;"PROCESADOR INTEL CORE I7 4770 QUAD CORE 3.40GHZ LGA 1155 + FAN
COOLER";;I7-4770 OEM;;121,00;;12 MESES;;;
000000001267;;PROCESADOR INTEL CORE I7-10700 8 CORE 2.90GHZ LGA1200 BOX;;I7-10700;;292,54;;12 MESES;;;
000000000391;;PROCESADOR INTEL CORE I7-10700F LGA1200 BOX;;I7-10700F;;270,10;;12 MESES;;;
000000001536;;PROCESADOR INTEL CORE I7-11700 2.5GHZ BOX LGA1700;;I7-11700;;348,97;;12 M;;;
000000001152;;PROCESADOR INTEL CORE I9 9900K SML BOX NO FAN;;I9 9900K;;599,96;;12 MESES;;;
000000001749;;"PROCESADOR INTEL CORE I9-13900 UP TO 5.60 GHZ 36MB DDR4
BX8071513900";;I9-13900;;697,94;;12 MESES;;;
000000001054;;"PROCESADOR INTEL I3-4160 SOCKET 1150 3.60GHZ DUAL CORE 3MB
CACHE";;I3-4160;;47,88;;12 MESES;;;
000000001080;;"PROCESADOR INTEL I3-4160 SOCKET 1150 3.60GHZ INTEL CORE 3MB
CACHE";;I3-4160 OEM;;43,25;;12 MESES;;;
000000000395;;PROCESADOR INTEL PENTIUM G3420 3.00GHZ S1150 + FAN COOLER;;G3420 OEM;;25,69;;12 MESES;;;
;;;;;;;;;;;
NOTA: PRECIOS VALIDOS SOLO POR 24 HORAS, LOS MISMOS PUEDEN VARIAR SIN VENTAS AL MAYOR , NO SE DEVUELVE DINERO UNA VEZ REALIZADA LA COMPRA;;;;;;;;;;;
;;;;;;;;;;;
GReport 1.1.3;;;;;;;;;;Página 23/29;
;;;;;;;;;;;
;;;"HAZ TU PEDIDO Y ""CRECE CON NOSOTROS""";;;;;;;;
;;;;;;;;;;;
;;;;;;;;;FECHA: 08/05/2023;;
;;;;;;;;;;;
;;;;;;;;;;;
CODIGO;;DESCRIPCION;;MODELO;;PRECIO;;GARANTIA;;;
RADIO;;;;;;;;;;;
000000001549;;RADIO MOTOROLA T200 DUAL BANDA 2 PACK GRAY;;T200;;45,88;;3 MESES;;;
REDES;;;;;;;;;;;
000000001569;;ACCESS POINT TPLINK EAP 225-OUTDOOR AC1200;;ACCESS POINT EAP225;;96,14;;12 MESES;;;
000000001653;;ACCESS POINT TPLINK EAP 610-OUTDOOR WIFI 6 2.4GHZ 5GHZ;;ACCESS POINT EAP610;;176,00;;12 MESES;;;
000000001685;;"ACCESS POINT TPLINK PHAROS CPE220 300MBPS 2.4GHZ 300MBPS
12DBI";;ACCESS POINT CPE220;;45,89;;12 MESES;;;
000000001016;;ADAPTADOR AMERICANO;;ADAPTADOR;;1,00;;N/A;;;
000000001195;;"ADAPTADOR INALAMBRICO USB TP-LINK ARCHER T2U AC600 DUAL
BAND";;T2U;;14,38;;12 MESES;;;
000000000009;;ADAPTADOR MERCUSYS MW300UH INAL. USB HIGH GAIN 30;;MW300UH;;13,28;;12 MESES;;;
000000000006;;ADAPTADOR TL-WN823N MINI USB 300MBPS;;WN823N;;10,96;;12 MESES;;;
000000001520;;"ADAPTADOR TP-LINK ARCHER T9UH AC1900 INALAMBRICO DE BANDA
DUAL";;ARCHER T9UH AC1900;;89,39;;12 MESES;;;
000000000361;;"ANTENA NETPRO NI09OA-000 9DPI INDOOR DESKTOP 2.4Hz
OMNI-DIECTIONAL";;NI09OA-000;;5,00;;1 MESES;;;
000000000933;;BOBINA U- UTP CAT6 INTERIORES 305MTS;;UTP CAT6 305MTS;;65,80;;N/A;;;
000000001567;;DECO HALO MERCUSYS H30G(3-PACK) AC1300 WHOLE HOME WIFI;;HALO H30G (3-PACK);;130,55;;12 MESES;;;
;;;;;;;;;;;
NOTA: PRECIOS VALIDOS SOLO POR 24 HORAS, LOS MISMOS PUEDEN VARIAR SIN VENTAS AL MAYOR , NO SE DEVUELVE DINERO UNA VEZ REALIZADA LA COMPRA;;;;;;;;;;;
;;;;;;;;;;;
GReport 1.1.3;;;;;;;;;;Página 24/29;
;;;;;;;;;;;
;;;"HAZ TU PEDIDO Y ""CRECE CON NOSOTROS""";;;;;;;;
;;;;;;;;;;;
;;;;;;;;;FECHA: 08/05/2023;;
;;;;;;;;;;;
;;;;;;;;;;;
CODIGO;;DESCRIPCION;;MODELO;;PRECIO;;GARANTIA;;;
000000001193;;DECO HALO MERCUSYS H50G(3-PACK) AC1900 WHOLE HOME WIFI;;HALO H50G (3-PACK);;167,66;;12 MESES;;;
000000000895;;MINI ADAPTADOR MERCUSYS MW300UM INAL. USB MINI 300MBPS;;MW300UM;;9,49;;12 MESES;;;
000000000373;;MODEM + ADSL2 EXPLORE HG-A1101;;HG-A1101;;14,95;;12 MESES;;;
000000001737;;MODEM NET CORE NM401P PLUG AND PLAY;;NM401P;;13,20;;3 MESES;;;
000000000972;;MODEM NET CORE NM403 PLUG AND PLAY;;NM403;;19,52;;3 MESES;;;
0000000001770;;MODEM+ROUTER FIBER HOME;;;;26,40;;6 MESES;;;
000000000007;;MODEN ROUTER MERCUSYS MW300D 300MBPS N ADLS2;;MW300D;;27,40;;12 MESES;;;
000000000515;;RANGE EXTENSOR TP-LINK RE205 AC750 2 ANTENAS;;RE205 AC750;;36,90;;6 MESES;;;
000000000529;;"ROUTER GAMING TP-LINK AX11000 ARCHER AX11000 US WIRELESS 6
2X4804MBPS 5GHZ 1148MBPS 2.4GHZ 8 ANTENAS DOBLE BANDAS 3M";;AX11000;;293,47;;12 MESES;;;
000000001758;;ROUTER MERCUSYS MR30G DOBLE BANDA GIGABIT AC1200 4A;;MR30G AC1200 4A;;67,47;;12 MESES;;;
000000000396;;ROUTER MERCUSYS MR70X WI-FI 6 AX1800 DOBLE BANDA;;MR70X WI-FI 6 AX1800;;67,47;;12 MESES;;;
000000000313;;ROUTER MERCUSYS WIFI MW325R 2.4 GHZ 4 ANTENAS;;MW325R;;20,49;;12 MESES;;;
000000001192;;ROUTER MW306R MERCUSYS 300MBPS MULTI-MODE 3 ANT;;MW306R;;18,14;;12 MESES;;;
;;;;;;;;;;;
NOTA: PRECIOS VALIDOS SOLO POR 24 HORAS, LOS MISMOS PUEDEN VARIAR SIN VENTAS AL MAYOR , NO SE DEVUELVE DINERO UNA VEZ REALIZADA LA COMPRA;;;;;;;;;;;
;;;;;;;;;;;
GReport 1.1.3;;;;;;;;;;Página 25/29;
;;;;;;;;;;;
;;;"HAZ TU PEDIDO Y ""CRECE CON NOSOTROS""";;;;;;;;
;;;;;;;;;;;
;;;;;;;;;FECHA: 08/05/2023;;
;;;;;;;;;;;
;;;;;;;;;;;
CODIGO;;DESCRIPCION;;MODELO;;PRECIO;;GARANTIA;;;
000000001572;;"ROUTER TP-LINK ARCHER A6 AC1200 MU-MIMO BANDA DUAL 4
ANTENAS";;ARCHER A6 AC1200;;48,58;;12 MESES;;;
000000000937;;ROUTER TP-LINK ARCHER C20 AC750 INALAMBRICO DE BANDA DUAL;;AC750 C20;;35,42;;12 MESES;;;
000000001739;;ROUTER TP-LINK ARCHER C6 AC1200 INALAMBRICO DE BANDA DUAL;;ARCHER C6 AC1200;;56,28;;3 MESES;;;
000000000920;;ROUTER TP-LINK DECO E4 (3-PACK) AC1200 WHOLE HOME;;DECO E4 (3-PACK);;153,70;;12 MESES;;;
000000001345;;ROUTER TP-LINK TL-WR840N INALAMBRICO 300MBPS;;TL-WR840N;;21,51;;12 MESES;;;
000000000413;;ROUTER TP-LINK WR820N 300MBPS 2T2R;;WR820N;;19,42;;12 MESES;;;
000000000535;;"SWICH TP LINK TL-SG1016 16 PUERTOS 10/100MBPS PARA MONTAJE
EN RACK";;TL-SG1016;;78,20;;12 MESES;;;
000000000016;;SWITCH LS1008 8PTOS 10/100M DESK;;SWITCH LS1008 8PTOS;;11,60;;12 MESES;;;
000000000360;;SWITCH TL-SG1024 24 PTOS 10/100M RACK;;TL-SG1024 24 PTOS;;105,97;;12 MESES;;;
000000001258;;SWITCH TP-LINK SG1024D 24 PORT GIGABIT 10/100/1000M RJ45;;SG1024D 24 PORT;;110,43;;12 MESES;;;
000000000935;;SWITCH TPLINK LS1005 5 PUERTOS 10-100;;LS1005 5 PUERTOS;;9,49;;12 MESES;;;
000000001194;;TP-LINK DECO M4 (3-PACK) AC1200 WHOLE HOME;;DECO M4 (3-PACK);;210,83;;12 M;;;
REGULADOR Y UPS;;;;;;;;;;;
;;;;;;;;;;;
NOTA: PRECIOS VALIDOS SOLO POR 24 HORAS, LOS MISMOS PUEDEN VARIAR SIN VENTAS AL MAYOR , NO SE DEVUELVE DINERO UNA VEZ REALIZADA LA COMPRA;;;;;;;;;;;
;;;;;;;;;;;
GReport 1.1.3;;;;;;;;;;Página 26/29;
;;;;;;;;;;;
;;;"HAZ TU PEDIDO Y ""CRECE CON NOSOTROS""";;;;;;;;
;;;;;;;;;;;
;;;;;;;;;FECHA: 08/05/2023;;
;;;;;;;;;;;
;;;;;;;;;;;
CODIGO;;DESCRIPCION;;MODELO;;PRECIO;;GARANTIA;;;
000000001430;;MINI UPS MARSRIVA KP2 10000MaH 100-240VAC/0.5A PoE 24v/ 0.5A;;KP2;;27,31;;6 MESES;;;
000000001431;;"MINI UPS MARSRIVA KP3 10000MaH 12V POWER ADAPTOR DC CABLE
MALE TO MATE";;KP3;;27,31;;6 MESES;;;
000000001432;;"MINI UPS MARSRIVA KP5 30W 32.5Wh (3.7V /8800mAh) 100-240Vac /
50-60Hz PoE 15v / 24V / 1.0A";;KP5;;40,97;;6 MESES;;;
000000001408;;"PROTECTOR DE VOLTAJE PICKENS V069 MULTIPROPOSITO 2 SALIDAS
120V 15A";;V069;;12,87;;3 MESES;;;
000000001407;;PROTECTOR DE VOLTAJE PICKENS V071 3 SALIDAS 120V 15A;;V071 3 SALIDAS;;20,75;;3 MESES;;;
000000000022;;"PROTECTOR U1200VA 8 TOMAS v 110-240VAC FREC RANGO 50 O 60 HZ
CON 2 PTOS USB";;U-PTC 1200USB;;13,92;;3 MESES;;;
000000000842;;REGULADOR ABLEREX R1208 1200VA/ 600W/ 120V/ AVR/ 8 TOMAS;;R1208;;23,46;;3 MESES;;;
000000001441;;"REGULADOR DE VOLTAJE APC LS600-LM60 BACK-UPS 600VA 8 OUTLETS
120V 60HZ";;LS600-LM60;;21,10;;3 MESES;;;
000000000023;;REGULADOR U U-AVR 1000VA 8 TOMAS voltaje 110/115/120 VAC;;U-AVR1000;;14,98;;3 MESES;;;
000000001563;;TRANSFORMADOR U 12V DC / 5 AMP;;12V DC / 5 AMP;;5,44;;;;;
000000001439;;UPS APC BVX1200L-LM BACK-UPS 1200VA 120V AVR CHARGING;;BVX1200L-LM;;125,56;;12 MESES;;;
000000001278;;UPS APC BVX700LU-LM BACK-UPS 700VA 120V AVR W/USB CHARGING;;BVX700LU-LM;;72,43;;1 AÑO;;;
000000001740;;UPS APC BVX900L-LM BACK-UPS 900VA 120V AVR W/USB CHARGING;;BVX900L-LM;;97,42;;12 MESES;;;
;;;;;;;;;;;
NOTA: PRECIOS VALIDOS SOLO POR 24 HORAS, LOS MISMOS PUEDEN VARIAR SIN VENTAS AL MAYOR , NO SE DEVUELVE DINERO UNA VEZ REALIZADA LA COMPRA;;;;;;;;;;;
;;;;;;;;;;;
GReport 1.1.3;;;;;;;;;;Página 27/29;
;;;;;;;;;;;
;;;"HAZ TU PEDIDO Y ""CRECE CON NOSOTROS""";;;;;;;;
;;;;;;;;;;;
;;;;;;;;;FECHA: 08/05/2023;;
;;;;;;;;;;;
;;;;;;;;;;;
CODIGO;;DESCRIPCION;;MODELO;;PRECIO;;GARANTIA;;;
000000001440;;UPS APC BX1500M-LM60 BACK-UPS PRO1500VA 900W 10OUTLETS;;BX1500M-LM60;;258,48;;12 MESES;;;
000000001571;;UPS APC BX2000M-LM BACK-UPS 2000VA 120V AVR NEMA;;BX2000M-LM;;247,37;;1 AÑO;;;
000000001277;;UPS APC BX600L-LM BACK-UPS 600VA 300WATTS AVR;;BX600L-LM;;63,29;;12 MESES;;;
000000001606;;UPS EXPLORE LITE XL1000 1000VA/ 600W;;XL1000 600VA;;77,28;;6 MESES;;;
000000001605;;UPS EXPLORE LITE XL800 800VA/ 480W;;XL800 800VA;;44,85;;6 MESES;;;
000000000060;;UPS INTERACTIVO U 750VA CON REGULADOR DE VOLTAJE 8 TOMAS;;750VA;;50,65;;12 MESES;;;
SILLA;;;;;;;;;;;
000000001305;;SILLA SECRETARIAL MICHIGAN;;MICHIGAN;;51,52;;N/A;;;
TABLET;;;;;;;;;;;
000000000844;;"TABLET LENOVO TB-8506F M8 3GEN 8"" 32GB 3GB RAM ANDROID 11";;TB-8506F;;97,58;;6 MESES;;;
TARJETA DE VIDEO;;;;;;;;;;;
000000000808;;TARJETA DE VIDEO GENERICA 1GB DDR3 REFURBISH;;1GB REFURBISH;;28,99;;6 MESES;;;
000000001575;;"TARJETA DE VIDEO GIGABYTE AMD RADEON RX 6500 XT GAMING OC 4G
DDR6 64-BIT";;RX6500XT AMD RADEON;;325,75;;6 MESES;;;
000000001576;;TARJETA DE VIDEO GIGABYTE GEFORCE GT1030 2GB;;GT1030 2GB;;106,33;;6 MESES;;;
TARJETA MADRE;;;;;;;;;;;
;;;;;;;;;;;
NOTA: PRECIOS VALIDOS SOLO POR 24 HORAS, LOS MISMOS PUEDEN VARIAR SIN VENTAS AL MAYOR , NO SE DEVUELVE DINERO UNA VEZ REALIZADA LA COMPRA;;;;;;;;;;;
;;;;;;;;;;;
GReport 1.1.3;;;;;;;;;;Página 28/29;
;;;;;;;;;;;
;;;"HAZ TU PEDIDO Y ""CRECE CON NOSOTROS""";;;;;;;;
;;;;;;;;;;;
;;;;;;;;;FECHA: 08/05/2023;;
;;;;;;;;;;;
;;;;;;;;;;;
CODIGO;;DESCRIPCION;;MODELO;;PRECIO;;GARANTIA;;;
000000000165;;TARJETA MADRE ARKTEK AK H110M EG SOCKET 1151 (3m);;AK H110M;;62,28;;3 MESES;;;
000000000429;;"TARJETA MADRE ARKTEK AK-H61M LGA1155 2XDDR3 1600 4XSATA VGA
HDMI/VGA MICRO ATX 2DA-3RA GEN";;AK-H61M;;52,00;;6 MESES;;;
000000000338;;TARJETA MADRE ARKTEK AK-H81 INTEL LGA 1150 DDR3;;AK-H81M;;56,50;;6 MESES;;;
000000001391;;"TARJETA MADRE ASROCK H610M-HVS 12TH DDR4 3200mhz HDMI
M-ATX LGA 1700";;H610M-HVS 12TH DDR4;;92,93;;6 MESES;;;
000000001551;;"TARJETA MADRE ASROCK Z590/STEEL LEGEND INTEL 10TH/11TH PCIE
GEN3 X4 & SATA3 LGA 1200";;Z590 STEEL LEGEND;;141,75;;6 MESES;;;
000000001147;;"TARJETA MADRE ASROCK Z690M PHANTOM GAMING 4 DDR4 4800 M.2
HDMI LGA 1700 12-13GEN";;Z 690M PHANTOM GAM 4;;155,93;;6 MESES;;;
000000001674;;TARJETA MADRE ECS H510H6-M2 10MA 11VA DDR4 USB3.2;;H510H6-M2;;71,13;;12 MESES;;;
000000001673;;TARJETA MADRE ECS H610H7-M2 12TH DDR4 USB3.2;;H610H7-M2;;79,72;;12 MESES;;;
000000001577;;TARJETA MADRE GIGABYTE H610M H DDR4 M.2 HDMI M-ATX LGA 1700;;H610M H DDR4;;99,61;;6 MESES;;;
;;;;;;;;;;;
NOTA: PRECIOS VALIDOS SOLO POR 24 HORAS, LOS MISMOS PUEDEN VARIAR SIN VENTAS AL MAYOR , NO SE DEVUELVE DINERO UNA VEZ REALIZADA LA COMPRA;;;;;;;;;;;
;;;;;;;;;;;
GReport 1.1.3;;;;;;;;;;Página 29/29;
